model,view,repeat,seed,accuracy,precision,recall,f1
svm,axial,1,12345,0.7016574585635359,0.5845371462264151,0.6174242424242424,0.5882204246713852
svm,axial,2,12346,0.7845303867403315,0.6304635761589403,0.621007371007371,0.6252587991718426
svm,axial,3,12347,0.8066298342541437,0.6948407431984074,0.7404791154791155,0.7113237639553429
svm,axial,4,12348,0.7569060773480663,0.6300653594771242,0.662981162981163,0.6404839292163236
svm,axial,5,12349,0.7237569060773481,0.6287857738260628,0.6898034398034398,0.6356682769726247
svm,axial,6,12350,0.7679558011049724,0.6344076655052264,0.657964782964783,0.6432995495495495
svm,axial,7,12351,0.8011049723756906,0.6779523293607801,0.7017813267813268,0.6879310344827586
svm,axial,8,12352,0.7403314917127072,0.6169329573934837,0.6528460278460279,0.6262466499714423
svm,axial,9,12353,0.8011049723756906,0.6703522504892367,0.6782350532350532,0.6740696278511404
svm,axial,10,12354,0.712707182320442,0.6221311475409836,0.683046683046683,0.6263893299460146
svm,axial,11,12355,0.7292817679558011,0.5897478433974784,0.6107698607698607,0.5958532695374801
svm,axial,12,12356,0.7624309392265194,0.6400966183574879,0.6781326781326782,0.6518763698170595
svm,axial,13,12357,0.7624309392265194,0.6293251113394998,0.6545864045864046,0.6384204413472706
svm,axial,14,12358,0.7513812154696132,0.625523349436393,0.6596027846027845,0.6356845730643647
svm,axial,15,12359,0.7624309392265194,0.6115900383141762,0.6192669942669943,0.6150269575110057
svm,axial,16,12360,0.7679558011049724,0.6448529411764705,0.6815110565110565,0.6568255687973998
svm,axial,17,12361,0.7513812154696132,0.625523349436393,0.6596027846027845,0.6356845730643647
svm,axial,18,12362,0.7237569060773481,0.5786990225817323,0.5956183456183456,0.58364004416636
svm,axial,19,12363,0.7679558011049724,0.6289274106175514,0.6461916461916462,0.6359195402298851
svm,axial,20,12364,0.7569060773480663,0.6244523087293563,0.6512080262080262,0.6336032388663968
svm,axial,21,12365,0.7292817679558011,0.6149373881932021,0.6578624078624078,0.62331705245275
svm,axial,22,12366,0.7182320441988951,0.5885808270676691,0.6157862407862408,0.5944378542243312
svm,axial,23,12367,0.7182320441988951,0.5673175745118191,0.5804668304668305,0.5711498257839721
svm,axial,24,12368,0.7237569060773481,0.5924102889806288,0.6191646191646192,0.5988475177304964
svm,axial,25,12369,0.712707182320442,0.604112554112554,0.6477272727272727,0.6096549435965495
svm,axial,26,12370,0.7624309392265194,0.6452850877192983,0.6899058149058149,0.6580554457185537
svm,axial,27,12371,0.7071823204419889,0.5879546809779368,0.6208026208026208,0.592567424081546
svm,axial,28,12372,0.7348066298342542,0.6128633271490415,0.6494676494676495,0.621602787456446
svm,axial,29,12373,0.7458563535911602,0.609201213346815,0.6326781326781327,0.6169488406330512
svm,axial,30,12374,0.7182320441988951,0.6014460345855694,0.6393325143325144,0.607942238267148
svm,axial,31,12375,0.7348066298342542,0.5939501179642737,0.6141482391482391,0.6002944423997055
svm,axial,32,12376,0.7845303867403315,0.664814200398142,0.7034193284193284,0.6783321941216678
svm,axial,33,12377,0.7182320441988951,0.5951145038167939,0.6275593775593775,0.6013732348749838
svm,axial,34,12378,0.7016574585635359,0.5778280542986426,0.6056511056511057,0.5814491264131552
svm,axial,35,12379,0.7292817679558011,0.6322539949537427,0.6931818181818181,0.6403633267101903
svm,axial,36,12380,0.7071823204419889,0.559721300597213,0.5737100737100738,0.562861699703805
svm,axial,37,12381,0.7237569060773481,0.6171717171717171,0.6662571662571664,0.6246682149966821
svm,axial,38,12382,0.7845303867403315,0.6603288797533402,0.6916461916461916,0.6720557491289199
svm,axial,39,12383,0.7403314917127072,0.5844681634155318,0.5939803439803439,0.5882580707613378
svm,axial,40,12384,0.7071823204419889,0.5672302737520128,0.5854832104832104,0.570917386053585
svm,axial,41,12385,0.712707182320442,0.6221311475409836,0.683046683046683,0.6263893299460146
svm,axial,42,12386,0.7403314917127072,0.6227480916030534,0.6646191646191646,0.6326380791985144
svm,axial,43,12387,0.7292817679558011,0.6149373881932021,0.6578624078624078,0.62331705245275
svm,axial,44,12388,0.7513812154696132,0.6365648854961832,0.6831490581490582,0.6482705013602799
svm,axial,45,12389,0.7624309392265194,0.6293251113394998,0.6545864045864046,0.6384204413472706
svm,axial,46,12390,0.7016574585635359,0.5778280542986426,0.6056511056511057,0.5814491264131552
svm,axial,47,12391,0.7513812154696132,0.6197743861977438,0.6478296478296479,0.6288448393711552
svm,axial,48,12392,0.7348066298342542,0.6128633271490415,0.6494676494676495,0.621602787456446
svm,axial,49,12393,0.7292817679558011,0.575531914893617,0.5872235872235873,0.5796084751386452
svm,axial,50,12394,0.7790055248618785,0.6501742160278745,0.6764946764946764,0.6602852852852853
logreg,axial,1,12345,0.7458563535911602,0.5818003913894325,0.5855855855855856,0.5835334133653461
logreg,axial,2,12346,0.7513812154696132,0.5705298013245033,0.5654176904176904,0.5676063067367415
logreg,axial,3,12347,0.7513812154696132,0.6011225616488775,0.6125102375102375,0.6057790039204298
logreg,axial,4,12348,0.7403314917127072,0.568827531012405,0.5704340704340705,0.5695927143941311
logreg,axial,5,12349,0.7513812154696132,0.6138232271325796,0.6360565110565111,0.621602787456446
logreg,axial,6,12350,0.8121546961325967,0.6726923076923077,0.6378992628992629,0.650975499092559
logreg,axial,7,12351,0.7569060773480663,0.5923423423423423,0.5923423423423423,0.5923423423423423
logreg,axial,8,12352,0.7790055248618785,0.6294021294021295,0.6294021294021295,0.6294021294021295
logreg,axial,9,12353,0.7569060773480663,0.531547619047619,0.5217035217035217,0.5211640211640212
logreg,axial,10,12354,0.7403314917127072,0.6047611147976112,0.6292997542997543,0.6123490544543176
logreg,axial,11,12355,0.7292817679558011,0.5411073825503356,0.5401310401310402,0.5405853405853406
logreg,axial,12,12356,0.7624309392265194,0.6236702127659575,0.6428132678132678,0.6310849883869745
logreg,axial,13,12357,0.8232044198895028,0.6958974358974359,0.6564291564291564,0.6715063520871143
logreg,axial,14,12358,0.7624309392265194,0.5822829131652661,0.5721744471744472,0.5761124121779859
logreg,axial,15,12359,0.7513812154696132,0.5705298013245033,0.5654176904176904,0.5676063067367415
logreg,axial,16,12360,0.8011049723756906,0.654040404040404,0.6311425061425062,0.6403973509933775
logreg,axial,17,12361,0.7624309392265194,0.6050420168067226,0.6074938574938575,0.6062231216797369
logreg,axial,18,12362,0.7734806629834254,0.5956575682382135,0.5789312039312039,0.5848856072047883
logreg,axial,19,12363,0.7790055248618785,0.6030769230769231,0.5823095823095823,0.5893829401088929
logreg,axial,20,12364,0.7734806629834254,0.6034080298786181,0.5907043407043407,0.5958281139371494
logreg,axial,21,12365,0.7071823204419889,0.5434397163120568,0.5501638001638002,0.5452907996397591
logreg,axial,22,12366,0.7513812154696132,0.5255860491709549,0.5183251433251433,0.5176191886289606
logreg,axial,23,12367,0.7071823204419889,0.524904214559387,0.5266175266175266,0.5254983429786813
logreg,axial,24,12368,0.7900552486187845,0.6430107526881721,0.6361588861588862,0.639366610738255
logreg,axial,25,12369,0.7348066298342542,0.5799024918743229,0.5906019656019657,0.5839080459770115
logreg,axial,26,12370,0.8121546961325967,0.6788793103448276,0.6614455364455365,0.6691397849462366
logreg,axial,27,12371,0.7624309392265194,0.6050420168067226,0.6074938574938575,0.6062231216797369
logreg,axial,28,12372,0.8287292817679558,0.7071390658174097,0.6598075348075347,0.677250503307449
logreg,axial,29,12373,0.7790055248618785,0.6294021294021295,0.6294021294021295,0.6294021294021295
logreg,axial,30,12374,0.7955801104972375,0.6593637454981993,0.663083538083538,0.6611687326081457
logreg,axial,31,12375,0.8066298342541437,0.6704194260485652,0.6580671580671581,0.6636937941285768
logreg,axial,32,12376,0.7624309392265194,0.5980494966442953,0.5957207207207207,0.5968401968401968
logreg,axial,33,12377,0.7734806629834254,0.6344313581155687,0.6495700245700246,0.6408208702386138
logreg,axial,34,12378,0.7734806629834254,0.6034080298786181,0.5907043407043407,0.5958281139371494
logreg,axial,35,12379,0.7734806629834254,0.6397163120567376,0.6613431613431613,0.6482438261364175
logreg,axial,36,12380,0.7624309392265194,0.5980494966442953,0.5957207207207207,0.5968401968401968
logreg,axial,37,12381,0.7458563535911602,0.6028745644599304,0.6209049959049959,0.6093280780780781
logreg,axial,38,12382,0.8066298342541437,0.6704194260485652,0.6580671580671581,0.6636937941285768
logreg,axial,39,12383,0.7569060773480663,0.6062312312312312,0.6158886158886159,0.610371819960861
logreg,axial,40,12384,0.7458563535911602,0.5892454954954955,0.5973587223587223,0.5926614481409003
logreg,axial,41,12385,0.7182320441988951,0.5747345719973457,0.5922399672399672,0.5793574846206425
logreg,axial,42,12386,0.7900552486187845,0.6262820512820513,0.6008394758394758,0.6099137931034483
logreg,axial,43,12387,0.712707182320442,0.5382882882882883,0.5417690417690417,0.5395303326810176
logreg,axial,44,12388,0.7569060773480663,0.6062312312312312,0.6158886158886159,0.610371819960861
logreg,axial,45,12389,0.7569060773480663,0.5846236559139785,0.5805692055692055,0.5824244966442953
logreg,axial,46,12390,0.7679558011049724,0.5967558983666061,0.5873259623259623,0.5912903225806452
logreg,axial,47,12391,0.7679558011049724,0.5967558983666061,0.5873259623259623,0.5912903225806452
logreg,axial,48,12392,0.7513812154696132,0.5507444168734491,0.5418714168714168,0.5443866420540359
logreg,axial,49,12393,0.712707182320442,0.5286692759295499,0.529995904995905,0.5292116846738696
logreg,axial,50,12394,0.7679558011049724,0.6108722358722358,0.6108722358722358,0.6108722358722358
cnn,axial,1,12345,0.7348066298342542,0.6128633271490415,0.6494676494676495,0.621602787456446
cnn,axial,2,12346,0.7016574585635359,0.615819209039548,0.6762899262899262,0.6172462406015038
cnn,axial,3,12347,0.7900552486187845,0.6786281359161639,0.7303439803439804,0.6951241134751773
cnn,axial,4,12348,0.7679558011049724,0.6498888536043188,0.6932841932841933,0.663031914893617
cnn,axial,5,12349,0.8397790055248618,0.742109500805153,0.8078419328419328,0.7652189470859239
cnn,axial,6,12350,0.8176795580110497,0.695578231292517,0.7001433251433251,0.6977991398937515
cnn,axial,7,12351,0.8453038674033149,0.7423076923076923,0.6934889434889435,0.712568058076225
cnn,axial,8,12352,0.6187845303867403,0.5830445544554456,0.6373873873873874,0.5561360486192558
cnn,axial,9,12353,0.6850828729281768,0.6192406692406692,0.6897010647010647,0.6132623608351764
cnn,axial,10,12354,0.6298342541436464,0.6211510263929618,0.703009828009828,0.5841363464901752
cnn,axial,11,12355,0.712707182320442,0.6162128368991386,0.6712735462735463,0.6210950080515298
cnn,axial,12,12356,0.8176795580110497,0.6903973509933774,0.6765970515970516,0.6829112916069437
cnn,axial,13,12357,0.7845303867403315,0.6412565026010404,0.6445536445536446,0.6428535289653428
cnn,axial,14,12358,0.6629834254143646,0.6278465346534654,0.7115069615069615,0.6075985357358638
cnn,axial,15,12359,0.7403314917127072,0.6340040828229805,0.6881654381654382,0.6444305120167189
cnn,axial,16,12360,0.7182320441988951,0.6426877470355732,0.7217444717444718,0.6454660675192995
cnn,axial,17,12361,0.7237569060773481,0.6344945355191257,0.7015765765765766,0.6407589711019371
cnn,axial,18,12362,0.7182320441988951,0.6426877470355732,0.7217444717444718,0.6454660675192995
cnn,axial,19,12363,0.8011049723756906,0.6817073170731708,0.7135544635544635,0.6942567567567568
cnn,axial,20,12364,0.8011049723756906,0.6817073170731708,0.7135544635544635,0.6942567567567568
cnn,axial,21,12365,0.7955801104972375,0.6593637454981993,0.663083538083538,0.6611687326081457
cnn,axial,22,12366,0.6519337016574586,0.577758979698074,0.6223382473382474,0.5674291567087744
cnn,axial,23,12367,0.6298342541436464,0.581015037593985,0.6323710073710074,0.5602494832650398
cnn,axial,24,12368,0.7845303867403315,0.6557624113475177,0.6798730548730549,0.6654026638858606
cnn,axial,25,12369,0.6850828729281768,0.6006944444444444,0.6543816543816544,0.5986383971989886
cnn,axial,26,12370,0.8397790055248618,0.742109500805153,0.8078419328419328,0.7652189470859239
cnn,axial,27,12371,0.6685082872928176,0.5922361874836344,0.6442465192465192,0.5854961832061069
cnn,axial,28,12372,0.8176795580110497,0.6982758620689655,0.711916461916462,0.7045555720433299
cnn,axial,29,12373,0.6519337016574586,0.6231830500123183,0.7047502047502048,0.5985565921492695
cnn,axial,30,12374,0.7734806629834254,0.6498009289980093,0.6848894348894349,0.6618364092048302
cnn,axial,31,12375,0.7513812154696132,0.6311090225563909,0.6713759213759214,0.642151047844998
cnn,axial,32,12376,0.8011049723756906,0.6664619164619164,0.6664619164619164,0.6664619164619164
cnn,axial,33,12377,0.7900552486187845,0.5209948320413437,0.5066543816543817,0.4882440476190476
cnn,axial,34,12378,0.6740331491712708,0.601314419573139,0.6593980343980343,0.5948939721558363
cnn,axial,35,12379,0.7900552486187845,0.6616106897797038,0.6832514332514332,0.6705938697318008
cnn,axial,36,12380,0.7071823204419889,0.6068825343425848,0.6561220311220312,0.6110052309314302
cnn,axial,37,12381,0.7292817679558011,0.6378787878787878,0.704954954954955,0.6454810728704481
cnn,axial,38,12382,0.7513812154696132,0.6576254555649005,0.7302416052416052,0.6697214224889502
cnn,axial,39,12383,0.8342541436464088,0.722051597051597,0.722051597051597,0.722051597051597
cnn,axial,40,12384,0.7403314917127072,0.5915780141843971,0.6057534807534808,0.5967673128880884
cnn,axial,41,12385,0.7513812154696132,0.6524285714285715,0.7184684684684685,0.6647734288183726
cnn,axial,42,12386,0.8176795580110497,0.6879084967320261,0.6648239148239148,0.6746909209738031
cnn,axial,43,12387,0.7900552486187845,0.5481283422459893,0.5184275184275184,0.5084333905088623
cnn,axial,44,12388,0.6795580110497238,0.6040848389630793,0.6627764127764127,0.5993129770992366
cnn,axial,45,12389,0.7900552486187845,0.6526418786692759,0.6597051597051597,0.6559623849539815
cnn,axial,46,12390,0.7348066298342542,0.5939501179642737,0.6141482391482391,0.6002944423997055
cnn,axial,47,12391,0.7900552486187845,0.6744281045751634,0.7185708435708436,0.6895088479595521
cnn,axial,48,12392,0.712707182320442,0.6162128368991386,0.6712735462735463,0.6210950080515298
cnn,axial,49,12393,0.6353591160220995,0.5965500124100274,0.6592956592956594,0.5733571428571429
cnn,axial,50,12394,0.7292817679558011,0.6546113306982873,0.7402743652743653,0.6593693589891308
svm,coronal,1,12345,0.7182320441988951,0.522126677852349,0.5216011466011465,0.5218337218337219
svm,coronal,2,12346,0.7458563535911602,0.5738124488124489,0.5738124488124489,0.5738124488124489
svm,coronal,3,12347,0.7624309392265194,0.6115900383141762,0.6192669942669943,0.6150269575110057
svm,coronal,4,12348,0.7513812154696132,0.5507444168734491,0.5418714168714168,0.5443866420540359
svm,coronal,5,12349,0.7900552486187845,0.6378176043557169,0.6243857493857494,0.6302150537634408
svm,coronal,6,12350,0.7569060773480663,0.5566666666666666,0.5452497952497952,0.5483212341197822
svm,coronal,7,12351,0.7569060773480663,0.5669793169793169,0.5570229320229321,0.5604856512141281
svm,coronal,8,12352,0.712707182320442,0.5382882882882883,0.5417690417690417,0.5395303326810176
svm,coronal,9,12353,0.7790055248618785,0.5854166666666667,0.5587633087633087,0.5646945646945647
svm,coronal,10,12354,0.712707182320442,0.5182227682227682,0.5182227682227682,0.5182227682227682
svm,coronal,11,12355,0.7955801104972375,0.6405707196029776,0.615990990990991,0.6253845723555407
svm,coronal,12,12356,0.712707182320442,0.5382882882882883,0.5417690417690417,0.5395303326810176
svm,coronal,13,12357,0.7403314917127072,0.5505518763796909,0.5468877968877969,0.5483888092583744
svm,coronal,14,12358,0.7348066298342542,0.5234487734487734,0.519963144963145,0.5205298013245033
svm,coronal,15,12359,0.7237569060773481,0.5367526617526617,0.5367526617526617,0.5367526617526617
svm,coronal,16,12360,0.7292817679558011,0.5507202881152461,0.5519041769041768,0.5512775107513281
svm,coronal,17,12361,0.7845303867403315,0.5838445807770961,0.5503685503685504,0.5549460941933043
svm,coronal,18,12362,0.7071823204419889,0.49061810154525387,0.49129811629811626,0.49073631682327334
svm,coronal,19,12363,0.712707182320442,0.5182227682227682,0.5182227682227682,0.5182227682227682
svm,coronal,20,12364,0.7348066298342542,0.5552825552825553,0.5552825552825553,0.5552825552825553
svm,coronal,21,12365,0.7458563535911602,0.5818003913894325,0.5855855855855856,0.5835334133653461
svm,coronal,22,12366,0.7071823204419889,0.5145058023209284,0.5148443898443898,0.5146471034657222
svm,coronal,23,12367,0.8121546961325967,0.6758056758056757,0.6496723996723996,0.6603752759381898
svm,coronal,24,12368,0.6961325966850829,0.49639855942376954,0.4963144963144963,0.4963318998229193
svm,coronal,25,12369,0.7624309392265194,0.5514579759862779,0.5368550368550369,0.5390583358010068
svm,coronal,26,12370,0.7734806629834254,0.6170302013422819,0.6142506142506143,0.6155918155918156
svm,coronal,27,12371,0.7569060773480663,0.5846236559139785,0.5805692055692055,0.5824244966442953
svm,coronal,28,12372,0.7679558011049724,0.6232169669669669,0.6344185094185094,0.6280821917808219
svm,coronal,29,12373,0.7679558011049724,0.6172211350293542,0.6226453726453727,0.6197478991596639
svm,coronal,30,12374,0.712707182320442,0.5286692759295499,0.529995904995905,0.5292116846738696
svm,coronal,31,12375,0.6740331491712708,0.4728927203065134,0.47102784602784603,0.47178117425928673
svm,coronal,32,12376,0.7624309392265194,0.5380434782608696,0.5250819000819001,0.5247603346156194
svm,coronal,33,12377,0.7679558011049724,0.6040860215053764,0.5990990990990991,0.6014052013422819
svm,coronal,34,12378,0.7403314917127072,0.5600880872483222,0.5586609336609336,0.5593369593369594
svm,coronal,35,12379,0.7513812154696132,0.5705298013245033,0.5654176904176904,0.5676063067367415
svm,coronal,36,12380,0.7458563535911602,0.5738124488124489,0.5738124488124489,0.5738124488124489
svm,coronal,37,12381,0.7348066298342542,0.5456989247311828,0.5435094185094185,0.5444630872483222
svm,coronal,38,12382,0.7292817679558011,0.5507202881152461,0.5519041769041768,0.5512775107513281
svm,coronal,39,12383,0.7458563535911602,0.5452140452140453,0.5384930384930385,0.5405077262693156
svm,coronal,40,12384,0.7679558011049724,0.5887445887445887,0.5755528255528255,0.5804635761589404
svm,coronal,41,12385,0.7513812154696132,0.5790687919463087,0.5771908271908271,0.578088578088578
svm,coronal,42,12386,0.7790055248618785,0.6105098605098604,0.594082719082719,0.6004415011037527
svm,coronal,43,12387,0.712707182320442,0.506774193548387,0.5064496314496314,0.506501677852349
svm,coronal,44,12388,0.6740331491712708,0.5146814863968149,0.518120393120393,0.5133743449532924
svm,coronal,45,12389,0.7458563535911602,0.5556941923774954,0.5502661752661753,0.5523655913978495
svm,coronal,46,12390,0.7458563535911602,0.5452140452140453,0.5384930384930385,0.5405077262693156
svm,coronal,47,12391,0.7569060773480663,0.5762250453720508,0.5687960687960688,0.5718279569892474
svm,coronal,48,12392,0.7513812154696132,0.5611577964519141,0.5536445536445537,0.5563967104188225
svm,coronal,49,12393,0.7624309392265194,0.5380434782608696,0.5250819000819001,0.5247603346156194
svm,coronal,50,12394,0.7182320441988951,0.5422413793103449,0.5451474201474201,0.5434040658851461
logreg,coronal,1,12345,0.6961325966850829,0.5075670498084291,0.508087633087633,0.5075926200722165
logreg,coronal,2,12346,0.6795580110497238,0.5429035250463822,0.5568181818181819,0.5427700348432055
logreg,coronal,3,12347,0.7348066298342542,0.5640900195694716,0.5670556920556921,0.5654261704681873
logreg,coronal,4,12348,0.712707182320442,0.5286692759295499,0.529995904995905,0.5292116846738696
logreg,coronal,5,12349,0.7182320441988951,0.5511593669488406,0.556920556920557,0.5532162044431538
logreg,coronal,6,12350,0.7292817679558011,0.5828194587187393,0.598996723996724,0.5879674796747967
logreg,coronal,7,12351,0.7292817679558011,0.5507202881152461,0.5519041769041768,0.5512775107513281
logreg,coronal,8,12352,0.6519337016574586,0.47430626927029806,0.46928746928746934,0.4702439024390244
logreg,coronal,9,12353,0.6795580110497238,0.5176946410515673,0.5214987714987716,0.5170224512329775
logreg,coronal,10,12354,0.7016574585635359,0.5481968318166498,0.5585585585585585,0.5503312476996687
logreg,coronal,11,12355,0.7292817679558011,0.575531914893617,0.5872235872235873,0.5796084751386452
logreg,coronal,12,12356,0.6906077348066298,0.514535933550018,0.5164823914823915,0.51455938697318
logreg,coronal,13,12357,0.712707182320442,0.506774193548387,0.5064496314496314,0.506501677852349
logreg,coronal,14,12358,0.7016574585635359,0.5308775731310943,0.5350122850122849,0.5318965517241379
logreg,coronal,15,12359,0.6961325966850829,0.5447080291970803,0.5551801801801801,0.5463659147869674
logreg,coronal,16,12360,0.7071823204419889,0.559721300597213,0.5737100737100738,0.562861699703805
logreg,coronal,17,12361,0.7237569060773481,0.5367526617526617,0.5367526617526617,0.5367526617526617
logreg,coronal,18,12362,0.7348066298342542,0.5799024918743229,0.5906019656019657,0.5839080459770115
logreg,coronal,19,12363,0.7237569060773481,0.5146324863883848,0.5132063882063882,0.5134408602150538
logreg,coronal,20,12364,0.7016574585635359,0.5481968318166498,0.5585585585585585,0.5503312476996687
logreg,coronal,21,12365,0.7182320441988951,0.5422413793103449,0.5451474201474201,0.5434040658851461
logreg,coronal,22,12366,0.7513812154696132,0.6138232271325796,0.6360565110565111,0.621602787456446
logreg,coronal,23,12367,0.7237569060773481,0.5463796477495108,0.5485257985257985,0.5473189275710284
logreg,coronal,24,12368,0.6629834254143646,0.4678873757821126,0.46427108927108923,0.4656115386476937
logreg,coronal,25,12369,0.7071823204419889,0.534504968715495,0.5383906633906634,0.5356952712840617
logreg,coronal,26,12370,0.712707182320442,0.5182227682227682,0.5182227682227682,0.5182227682227682
logreg,coronal,27,12371,0.7016574585635359,0.5308775731310943,0.5350122850122849,0.5318965517241379
logreg,coronal,28,12372,0.6795580110497238,0.4981942939689419,0.49795249795249796,0.49722222222222223
logreg,coronal,29,12373,0.6850828729281768,0.5113475177304965,0.5131040131040131,0.510973124140873
logreg,coronal,30,12374,0.712707182320442,0.5634479271991911,0.577088452088452,0.5669856459330144
logreg,coronal,31,12375,0.6795580110497238,0.5176946410515673,0.5214987714987716,0.5170224512329775
logreg,coronal,32,12376,0.6850828729281768,0.4902298850574712,0.4895577395577395,0.4896868971657516
logreg,coronal,33,12377,0.6574585635359116,0.5149196042053186,0.5197583947583948,0.5112369337979095
logreg,coronal,34,12378,0.7513812154696132,0.5869347739095638,0.588963963963964,0.587907918036934
logreg,coronal,35,12379,0.7237569060773481,0.5635608522932467,0.5720720720720721,0.5665708812260537
logreg,coronal,36,12380,0.6740331491712708,0.5053100376841384,0.5063472563472564,0.5038792102206736
logreg,coronal,37,12381,0.6850828729281768,0.4902298850574712,0.4895577395577395,0.4896868971657516
logreg,coronal,38,12382,0.7016574585635359,0.5213025525525525,0.5232391482391483,0.5218199608610568
logreg,coronal,39,12383,0.7182320441988951,0.5747345719973457,0.5922399672399672,0.5793574846206425
logreg,coronal,40,12384,0.7237569060773481,0.5146324863883848,0.5132063882063882,0.5134408602150538
logreg,coronal,41,12385,0.6740331491712708,0.5318765664160401,0.5416666666666666,0.5308202627301085
logreg,coronal,42,12386,0.7182320441988951,0.522126677852349,0.5216011466011465,0.5218337218337219
logreg,coronal,43,12387,0.7237569060773481,0.5635608522932467,0.5720720720720721,0.5665708812260537
logreg,coronal,44,12388,0.6850828729281768,0.5536641221374046,0.571969696969697,0.5544759683896878
logreg,coronal,45,12389,0.7071823204419889,0.5434397163120568,0.5501638001638002,0.5452907996397591
logreg,coronal,46,12390,0.7016574585635359,0.5213025525525525,0.5232391482391483,0.5218199608610568
logreg,coronal,47,12391,0.6961325966850829,0.5526570048309178,0.566953316953317,0.5547255893008901
logreg,coronal,48,12392,0.7237569060773481,0.5367526617526617,0.5367526617526617,0.5367526617526617
logreg,coronal,49,12393,0.7071823204419889,0.5031459731543624,0.5030712530712531,0.5030821030821031
logreg,coronal,50,12394,0.7071823204419889,0.524904214559387,0.5266175266175266,0.5254983429786813
cnn,coronal,1,12345,0.8011049723756906,0.596524064171123,0.536957411957412,0.5343053173241853
cnn,coronal,2,12346,0.43646408839779005,0.4941904521343774,0.4905814905814906,0.40598455598455596
cnn,coronal,3,12347,0.4972375690607735,0.5456418581418581,0.5748361998361998,0.46566098945660983
cnn,coronal,4,12348,0.7679558011049724,0.5451591942820013,0.5284602784602784,0.5284119106699752
cnn,coronal,5,12349,0.7624309392265194,0.6115900383141762,0.6192669942669943,0.6150269575110057
cnn,coronal,6,12350,0.7292817679558011,0.5828194587187393,0.598996723996724,0.5879674796747967
cnn,coronal,7,12351,0.47513812154696133,0.53798833079655,0.5613226863226863,0.44818844067905395
cnn,coronal,8,12352,0.5414364640883977,0.49028822055137844,0.48413185913185913,0.4552344344925119
cnn,coronal,9,12353,0.5359116022099447,0.5096508482911237,0.5160728910728911,0.46719932716568546
cnn,coronal,10,12354,0.5082872928176796,0.5420987654320988,0.5698198198198198,0.47109038972978295
cnn,coronal,11,12355,0.574585635359116,0.5520373097692686,0.5868140868140868,0.5137973137973137
cnn,coronal,12,12356,0.5524861878453039,0.5298232695139912,0.5497542997542997,0.4885400313971743
cnn,coronal,13,12357,0.5248618784530387,0.4914197530864198,0.48576986076986073,0.4494199207696661
cnn,coronal,14,12358,0.44751381215469616,0.5205276705276706,0.5326576576576576,0.42341997961264016
cnn,coronal,15,12359,0.5248618784530387,0.5479258713794797,0.579954954954955,0.48388594164456233
cnn,coronal,16,12360,0.4972375690607735,0.5166053921568627,0.5277436527436528,0.4520078517483448
cnn,coronal,17,12361,0.56353591160221,0.5478580171358629,0.5800573300573301,0.5055157865615383
cnn,coronal,18,12362,0.49171270718232046,0.528960396039604,0.547911547911548,0.45496203194553547
cnn,coronal,19,12363,0.569060773480663,0.5430292598967298,0.5716625716625716,0.5052565180824222
cnn,coronal,20,12364,0.4530386740331492,0.5462201591511936,0.5713554463554463,0.4353908687021457
cnn,coronal,21,12365,0.6187845303867403,0.5629578176307148,0.6020679770679771,0.542275975810885
cnn,coronal,22,12366,0.5359116022099447,0.5663340724316335,0.6102579852579852,0.4992094861660079
cnn,coronal,23,12367,0.4088397790055249,0.5800254048904414,0.6031941031941032,0.4052817442038999
cnn,coronal,24,12368,0.6464088397790055,0.5618037135278514,0.5954135954135954,0.5522572665429808
cnn,coronal,25,12369,0.6243093922651933,0.48227752639517346,0.47594185094185093,0.4729359369647139
cnn,coronal,26,12370,0.6850828729281768,0.5944022770398482,0.6426085176085177,0.5932584269662922
cnn,coronal,27,12371,0.7292817679558011,0.5678137651821862,0.5754504504504504,0.5707371376022458
cnn,coronal,28,12372,0.5248618784530387,0.5777568922305765,0.627047502047502,0.4964415113871636
cnn,coronal,29,12373,0.3425414364640884,0.5128075497135154,0.5155610155610155,0.3405284590184011
cnn,coronal,30,12374,0.5138121546961326,0.5085490962383976,0.5143325143325144,0.4560109289617486
cnn,coronal,31,12375,0.430939226519337,0.5222148541114058,0.5342956592956594,0.4125783785486971
cnn,coronal,32,12376,0.6464088397790055,0.4918228008891712,0.48945536445536447,0.4865248226950355
cnn,coronal,33,12377,0.6961325966850829,0.5602286967418546,0.5787264537264537,0.5626290584772198
cnn,coronal,34,12378,0.4585635359116022,0.5480895915678524,0.5747338247338247,0.43994695630209646
cnn,coronal,35,12379,0.7900552486187845,0.56753663003663,0.5302006552006552,0.5268299394606495
cnn,coronal,36,12380,0.5303867403314917,0.5146266829865361,0.5244676494676495,0.4679600235155791
cnn,coronal,37,12381,0.5138121546961326,0.5155677655677656,0.5261056511056511,0.4602873407427487
cnn,coronal,38,12382,0.4198895027624309,0.5525974025974025,0.5746314496314496,0.41119063109954457
cnn,coronal,39,12383,0.6408839779005525,0.5592226613965745,0.592035217035217,0.5481430272304797
cnn,coronal,40,12384,0.4419889502762431,0.4962893081761006,0.493959868959869,0.4102332483788754
cnn,coronal,41,12385,0.5138121546961326,0.5664160401002506,0.6085176085176085,0.4847308488612836
cnn,coronal,42,12386,0.7790055248618785,0.6294021294021295,0.6294021294021295,0.6294021294021295
cnn,coronal,43,12387,0.6022099447513812,0.48217317487266553,0.4742014742014742,0.4676470588235294
cnn,coronal,44,12388,0.425414364640884,0.5453462293243622,0.5662366912366912,0.4142394822006472
cnn,coronal,45,12389,0.7071823204419889,0.559721300597213,0.5737100737100738,0.562861699703805
cnn,coronal,46,12390,0.6795580110497238,0.5265522875816994,0.5332719082719083,0.5260924521487902
cnn,coronal,47,12391,0.5966850828729282,0.511528326745718,0.5179156429156428,0.4925298613511541
cnn,coronal,48,12392,0.56353591160221,0.5200398307194424,0.532964782964783,0.4867736262158573
cnn,coronal,49,12393,0.3756906077348066,0.476775956284153,0.4651924651924652,0.36038402601870095
cnn,coronal,50,12394,0.43646408839779005,0.5088803088803089,0.5141277641277642,0.41188837920489296
svm,sagittal,1,12345,0.7624309392265194,0.6115900383141762,0.6192669942669943,0.6150269575110057
svm,sagittal,2,12346,0.8287292817679558,0.707940446650124,0.6715806715806716,0.6861330200816692
svm,sagittal,3,12347,0.7955801104972375,0.6504415011037528,0.6395372645372646,0.6444762966502097
svm,sagittal,4,12348,0.7900552486187845,0.6479320229320229,0.6479320229320229,0.6479320229320229
svm,sagittal,5,12349,0.7513812154696132,0.6311090225563909,0.6713759213759214,0.642151047844998
svm,sagittal,6,12350,0.7790055248618785,0.6452690501986277,0.6647215397215398,0.6532567049808429
svm,sagittal,7,12351,0.7900552486187845,0.6479320229320229,0.6479320229320229,0.6479320229320229
svm,sagittal,8,12352,0.7790055248618785,0.6294021294021295,0.6294021294021295,0.6294021294021295
svm,sagittal,9,12353,0.7679558011049724,0.6040860215053764,0.5990990990990991,0.6014052013422819
svm,sagittal,10,12354,0.7679558011049724,0.6172211350293542,0.6226453726453727,0.6197478991596639
svm,sagittal,11,12355,0.8232044198895028,0.699410163339383,0.6799754299754299,0.6886021505376344
svm,sagittal,12,12356,0.7955801104972375,0.6504415011037528,0.6395372645372646,0.6444762966502097
svm,sagittal,13,12357,0.7734806629834254,0.6448269955464201,0.6731162981162981,0.6552380952380952
svm,sagittal,14,12358,0.7900552486187845,0.6828231292517006,0.742117117117117,0.7004355400696864
svm,sagittal,15,12359,0.7900552486187845,0.6123511904761905,0.5772932022932022,0.5864598364598365
svm,sagittal,16,12360,0.8011049723756906,0.6703522504892367,0.6782350532350532,0.6740696278511404
svm,sagittal,17,12361,0.8287292817679558,0.7156130268199234,0.7304463554463554,0.7224612949497947
svm,sagittal,18,12362,0.8066298342541437,0.6774709883953581,0.6816134316134317,0.6794839362509486
svm,sagittal,19,12363,0.8066298342541437,0.6504658385093168,0.5992014742014742,0.6131770165475973
svm,sagittal,20,12364,0.7734806629834254,0.628927203065134,0.6377968877968878,0.6329326804174704
svm,sagittal,21,12365,0.7845303867403315,0.6360109060402684,0.6327805077805078,0.6343434343434344
svm,sagittal,22,12366,0.8176795580110497,0.6929530201342282,0.6883701883701884,0.6905982905982906
svm,sagittal,23,12367,0.7734806629834254,0.6231492597038815,0.626023751023751,0.6245383253225398
svm,sagittal,24,12368,0.7790055248618785,0.6349315068493151,0.6411752661752662,0.6378551420568227
svm,sagittal,25,12369,0.7624309392265194,0.617776959882223,0.631040131040131,0.6232999370795218
svm,sagittal,26,12370,0.8176795580110497,0.701048951048951,0.7236895986895987,0.7109046028749818
svm,sagittal,27,12371,0.7900552486187845,0.6659407665505227,0.6950245700245701,0.6772710210210211
svm,sagittal,28,12372,0.7513812154696132,0.5869347739095638,0.588963963963964,0.587907918036934
svm,sagittal,29,12373,0.7955801104972375,0.654991610738255,0.6513104013104013,0.6530950530950531
svm,sagittal,30,12374,0.7348066298342542,0.5939501179642737,0.6141482391482391,0.6002944423997055
svm,sagittal,31,12375,0.7569060773480663,0.5846236559139785,0.5805692055692055,0.5824244966442953
svm,sagittal,32,12376,0.7790055248618785,0.6501742160278745,0.6764946764946764,0.6602852852852853
svm,sagittal,33,12377,0.7679558011049724,0.6040860215053764,0.5990990990990991,0.6014052013422819
svm,sagittal,34,12378,0.7513812154696132,0.6076241134751773,0.6242833742833743,0.6139261506375313
svm,sagittal,35,12379,0.7569060773480663,0.6186411149825783,0.6394348894348895,0.6263138138138138
svm,sagittal,36,12380,0.7348066298342542,0.5799024918743229,0.5906019656019657,0.5839080459770115
svm,sagittal,37,12381,0.7900552486187845,0.6479320229320229,0.6479320229320229,0.6479320229320229
svm,sagittal,38,12382,0.8287292817679558,0.7090336134453781,0.6833538083538083,0.6944066227329666
svm,sagittal,39,12383,0.8121546961325967,0.6726923076923077,0.6378992628992629,0.650975499092559
svm,sagittal,40,12384,0.7624309392265194,0.6115900383141762,0.6192669942669943,0.6150269575110057
svm,sagittal,41,12385,0.8011049723756906,0.6664619164619164,0.6664619164619164,0.6664619164619164
svm,sagittal,42,12386,0.7679558011049724,0.6172211350293542,0.6226453726453727,0.6197478991596639
svm,sagittal,43,12387,0.8176795580110497,0.701048951048951,0.7236895986895987,0.7109046028749818
svm,sagittal,44,12388,0.8287292817679558,0.7136854741896759,0.7186732186732187,0.7161143435365545
svm,sagittal,45,12389,0.7955801104972375,0.6593637454981993,0.663083538083538,0.6611687326081457
svm,sagittal,46,12390,0.7845303867403315,0.6557624113475177,0.6798730548730549,0.6654026638858606
svm,sagittal,47,12391,0.7900552486187845,0.6571884384384384,0.6714782964782965,0.6635029354207437
svm,sagittal,48,12392,0.7458563535911602,0.5818003913894325,0.5855855855855856,0.5835334133653461
svm,sagittal,49,12393,0.7734806629834254,0.6170302013422819,0.6142506142506143,0.6155918155918156
svm,sagittal,50,12394,0.8011049723756906,0.6583484573502723,0.6429156429156428,0.6496774193548387
logreg,sagittal,1,12345,0.7679558011049724,0.6172211350293542,0.6226453726453727,0.6197478991596639
logreg,sagittal,2,12346,0.7955801104972375,0.6593637454981993,0.663083538083538,0.6611687326081457
logreg,sagittal,3,12347,0.8066298342541437,0.6667833800186742,0.6462940212940214,0.6549752192146397
logreg,sagittal,4,12348,0.8232044198895028,0.6975709475709475,0.6682022932022932,0.6803532008830022
logreg,sagittal,5,12349,0.7845303867403315,0.6603288797533402,0.6916461916461916,0.6720557491289199
logreg,sagittal,6,12350,0.7900552486187845,0.6430107526881721,0.6361588861588862,0.639366610738255
logreg,sagittal,7,12351,0.7624309392265194,0.6050420168067226,0.6074938574938575,0.6062231216797369
logreg,sagittal,8,12352,0.7900552486187845,0.6430107526881721,0.6361588861588862,0.639366610738255
logreg,sagittal,9,12353,0.8011049723756906,0.6583484573502723,0.6429156429156428,0.6496774193548387
logreg,sagittal,10,12354,0.7679558011049724,0.6108722358722358,0.6108722358722358,0.6108722358722358
logreg,sagittal,11,12355,0.8453038674033149,0.7470238095238095,0.6699426699426699,0.6952861952861953
logreg,sagittal,12,12356,0.8011049723756906,0.6583484573502723,0.6429156429156428,0.6496774193548387
logreg,sagittal,13,12357,0.7955801104972375,0.6456582633053222,0.6277641277641277,0.6352595174554763
logreg,sagittal,14,12358,0.7955801104972375,0.6718085106382978,0.6984029484029484,0.6825615016353036
logreg,sagittal,15,12359,0.7458563535911602,0.5334615384615384,0.5267199017199017,0.5277903811252269
logreg,sagittal,16,12360,0.8121546961325967,0.68499180999181,0.68499180999181,0.68499180999181
logreg,sagittal,17,12361,0.7955801104972375,0.654991610738255,0.6513104013104013,0.6530950530950531
logreg,sagittal,18,12362,0.7845303867403315,0.6510857563489143,0.6680999180999181,0.6583418033977059
logreg,sagittal,19,12363,0.8121546961325967,0.666220238095238,0.6143529893529893,0.62999037999038
logreg,sagittal,20,12364,0.7790055248618785,0.6172867513611615,0.6058558558558559,0.6107526881720431
logreg,sagittal,21,12365,0.8066298342541437,0.6667833800186742,0.6462940212940214,0.6549752192146397
logreg,sagittal,22,12366,0.8453038674033149,0.7404718693284936,0.717035217035217,0.7275268817204301
logreg,sagittal,23,12367,0.8011049723756906,0.6583484573502723,0.6429156429156428,0.6496774193548387
logreg,sagittal,24,12368,0.7790055248618785,0.6235483870967742,0.6176289926289926,0.6203859060402684
logreg,sagittal,25,12369,0.7624309392265194,0.6050420168067226,0.6074938574938575,0.6062231216797369
logreg,sagittal,26,12370,0.8287292817679558,0.7156130268199234,0.7304463554463554,0.7224612949497947
logreg,sagittal,27,12371,0.7845303867403315,0.6360109060402684,0.6327805077805078,0.6343434343434344
logreg,sagittal,28,12372,0.8066298342541437,0.6739723154362416,0.6698402948402948,0.6718466718466718
logreg,sagittal,29,12373,0.7955801104972375,0.6405707196029776,0.615990990990991,0.6253845723555407
logreg,sagittal,30,12374,0.7624309392265194,0.617776959882223,0.631040131040131,0.6232999370795218
logreg,sagittal,31,12375,0.8011049723756906,0.6741741741741741,0.69000819000819,0.6812133072407045
logreg,sagittal,32,12376,0.8287292817679558,0.7177033492822966,0.7422194922194922,0.7284255360340739
logreg,sagittal,33,12377,0.7955801104972375,0.654991610738255,0.6513104013104013,0.6530950530950531
logreg,sagittal,34,12378,0.7513812154696132,0.5869347739095638,0.588963963963964,0.587907918036934
logreg,sagittal,35,12379,0.7955801104972375,0.6636015325670498,0.6748566748566749,0.6687441262304001
logreg,sagittal,36,12380,0.7569060773480663,0.6062312312312312,0.6158886158886159,0.610371819960861
logreg,sagittal,37,12381,0.7900552486187845,0.6322751322751322,0.6126126126126126,0.6204194260485651
logreg,sagittal,38,12382,0.7900552486187845,0.6378176043557169,0.6243857493857494,0.6302150537634408
logreg,sagittal,39,12383,0.8176795580110497,0.695578231292517,0.7001433251433251,0.6977991398937515
logreg,sagittal,40,12384,0.7458563535911602,0.5738124488124489,0.5738124488124489,0.5738124488124489
logreg,sagittal,41,12385,0.7900552486187845,0.6616106897797038,0.6832514332514332,0.6705938697318008
logreg,sagittal,42,12386,0.7955801104972375,0.6593637454981993,0.663083538083538,0.6611687326081457
logreg,sagittal,43,12387,0.7790055248618785,0.6235483870967742,0.6176289926289926,0.6203859060402684
logreg,sagittal,44,12388,0.7900552486187845,0.6378176043557169,0.6243857493857494,0.6302150537634408
logreg,sagittal,45,12389,0.8176795580110497,0.6903973509933774,0.6765970515970516,0.6829112916069437
logreg,sagittal,46,12390,0.7569060773480663,0.5566666666666666,0.5452497952497952,0.5483212341197822
logreg,sagittal,47,12391,0.8066298342541437,0.6667833800186742,0.6462940212940214,0.6549752192146397
logreg,sagittal,48,12392,0.7624309392265194,0.5905077262693157,0.583947583947584,0.5868238042151086
logreg,sagittal,49,12393,0.7900552486187845,0.6430107526881721,0.6361588861588862,0.639366610738255
logreg,sagittal,50,12394,0.7513812154696132,0.5869347739095638,0.588963963963964,0.587907918036934
cnn,sagittal,1,12345,0.7237569060773481,0.6112175707547169,0.6544840294840295,0.6187226154364678
cnn,sagittal,2,12346,0.6464088397790055,0.6077810871183916,0.6778255528255528,0.5862857142857143
cnn,sagittal,3,12347,0.7569060773480663,0.6460784313725491,0.6983005733005734,0.6589585474477561
cnn,sagittal,4,12348,0.6629834254143646,0.595945945945946,0.6526412776412777,0.5861228773850133
cnn,sagittal,5,12349,0.7900552486187845,0.6744281045751634,0.7185708435708436,0.6895088479595521
cnn,sagittal,6,12350,0.7679558011049724,0.6289274106175514,0.6461916461916462,0.6359195402298851
cnn,sagittal,7,12351,0.8011049723756906,0.6703522504892367,0.6782350532350532,0.6740696278511404
cnn,sagittal,8,12352,0.6685082872928176,0.6175471698113207,0.6913390663390664,0.6041119860017498
cnn,sagittal,9,12353,0.7182320441988951,0.6541827541827542,0.7452907452907453,0.6539715860104209
cnn,sagittal,10,12354,0.6243093922651933,0.5919753086419753,0.6525389025389026,0.5646576117713639
cnn,sagittal,11,12355,0.7348066298342542,0.6358234295415959,0.6965601965601966,0.6450980392156862
cnn,sagittal,12,12356,0.7624309392265194,0.6503816793893129,0.7016789516789517,0.6639029235220452
cnn,sagittal,13,12357,0.7513812154696132,0.6472003499562554,0.7066953316953317,0.6595611285266457
cnn,sagittal,14,12358,0.7016574585635359,0.6456747843734145,0.7351556101556102,0.6398142688679245
cnn,sagittal,15,12359,0.7900552486187845,0.6430107526881721,0.6361588861588862,0.639366610738255
cnn,sagittal,16,12360,0.6132596685082873,0.6080239374694675,0.6811015561015561,0.5672814207650273
cnn,sagittal,17,12361,0.7955801104972375,0.6958855098389982,0.769041769041769,0.7155659375663623
cnn,sagittal,18,12362,0.6850828729281768,0.6566272480906628,0.7603398853398853,0.6367892976588629
cnn,sagittal,19,12363,0.7348066298342542,0.6245577830188679,0.673013923013923,0.6339737108190091
cnn,sagittal,20,12364,0.7624309392265194,0.6653571428571429,0.736998361998362,0.6796723875375561
cnn,sagittal,21,12365,0.8011049723756906,0.6703522504892367,0.6782350532350532,0.6740696278511404
cnn,sagittal,22,12366,0.7458563535911602,0.6486276174306734,0.7150900900900901,0.6598856209150327
cnn,sagittal,23,12367,0.5911602209944752,0.5789924186842749,0.6322686322686323,0.5387741046831956
cnn,sagittal,24,12368,0.7569060773480663,0.6355192124483964,0.6747542997542997,0.6469858156028369
cnn,sagittal,25,12369,0.7071823204419889,0.6129476584022039,0.6678951678951679,0.6165407522884438
cnn,sagittal,26,12370,0.7624309392265194,0.6852964743589743,0.7840909090909092,0.6972184399922194
cnn,sagittal,27,12371,0.8121546961325967,0.68499180999181,0.68499180999181,0.68499180999181
cnn,sagittal,28,12372,0.6795580110497238,0.5784940261183662,0.6156838656838657,0.5773752012882447
cnn,sagittal,29,12373,0.6298342541436464,0.6211510263929618,0.703009828009828,0.5841363464901752
cnn,sagittal,30,12374,0.7071823204419889,0.6248664529914529,0.6914414414414414,0.6268041237113402
cnn,sagittal,31,12375,0.7348066298342542,0.6245577830188679,0.673013923013923,0.6339737108190091
cnn,sagittal,32,12376,0.7900552486187845,0.6786281359161639,0.7303439803439804,0.6951241134751773
cnn,sagittal,33,12377,0.7348066298342542,0.6004901960784313,0.6259213759213759,0.6078006500541712
cnn,sagittal,34,12378,0.6685082872928176,0.6366666666666666,0.7266584766584767,0.615874363327674
cnn,sagittal,35,12379,0.8011049723756906,0.6741741741741741,0.69000819000819,0.6812133072407045
cnn,sagittal,36,12380,0.6353591160220995,0.6031481481481482,0.6710687960687961,0.5774617996604414
cnn,sagittal,37,12381,0.7403314917127072,0.6395,0.6999385749385749,0.6498744700991892
cnn,sagittal,38,12382,0.7458563535911602,0.6432900432900432,0.7033169533169533,0.6546947577969475
cnn,sagittal,39,12383,0.7900552486187845,0.6378176043557169,0.6243857493857494,0.6302150537634408
cnn,sagittal,40,12384,0.7845303867403315,0.646264367816092,0.6563267813267813,0.6508384033239353
cnn,sagittal,41,12385,0.7016574585635359,0.6456747843734145,0.7351556101556102,0.6398142688679245
cnn,sagittal,42,12386,0.7513812154696132,0.6076241134751773,0.6242833742833743,0.6139261506375313
cnn,sagittal,43,12387,0.7900552486187845,0.6526418786692759,0.6597051597051597,0.6559623849539815
cnn,sagittal,44,12388,0.5248618784530387,0.5856276837585249,0.6388206388206389,0.4991634491634491
cnn,sagittal,45,12389,0.7955801104972375,0.6718085106382978,0.6984029484029484,0.6825615016353036
cnn,sagittal,46,12390,0.7790055248618785,0.6452690501986277,0.6647215397215398,0.6532567049808429
cnn,sagittal,47,12391,0.7458563535911602,0.6486276174306734,0.7150900900900901,0.6598856209150327
cnn,sagittal,48,12392,0.7182320441988951,0.6014460345855694,0.6393325143325144,0.607942238267148
cnn,sagittal,49,12393,0.569060773480663,0.5708180708180708,0.6187551187551188,0.5216183247492545
cnn,sagittal,50,12394,0.6464088397790055,0.6275735294117647,0.7131449631449631,0.5976660183384274
